# Moybyte Zero partition table -- 8MB flash, dual-OTA (#53), authored fresh
# 2026-08-29 when this board was promoted out of its stock-MicroPython
# arrangement.
#
# WHY THIS IS NOT THE CONSOLE TABLE. The S3 console layout is
# nvs/otadata/phy + two 5MB app slots + a 6MB vfs, and it needs 16MB. Pointing
# this board at it does not fail at build time: the BOOTLOADER rejects the
# table and the board boot loops with no console at all, which on a board with
# no screen is indistinguishable from a dead one. That was learned here (see
# README, hardware facts), and it is why every number below is derived rather
# than inherited.
#
# WHAT DOES CARRY OVER is the HEAD of the layout -- nvs 0x14000 (not
# mainline's 0x6000), so otadata lands at 0x1D000 and the first app slot at
# 0x20000, exactly as on both console S3 boards. Same reasoning the Guition
# gave for taking the T-Deck's offsets: one set of numbers to hold in the head,
# and `tools/board_flash.py` erases otadata from `[flash] otadata_offset`,
# where a transposed digit between two S3 boards is a real hazard (the T-Deck's
# 0x1D000 vs the P4's 0xD000 has already been typed wrong once, by hand).
#
# THE SLOT SIZE, and what it is sized against: 3 MiB (0x300000) per slot since
# 2026-10-07 (owner; option (b) of docs/native_kernel_2026-09.md section 6.1's
# Zero row), re-tabled from the first table's 2.75 MiB slots and 2.375 MiB vfs.
#
#   The image this table was cut for is ~2.67 MB, and most of it is the browser
#   console every board bakes (native/moy_web, ~808 KB gzipped, 91% of it
#   micropython.wasm.gz), which grows with the console rather than with this
#   board. On 2.75 MiB slots that left ~217 KB, under the 256 KiB floor section
#   6.1 sets for this image. The kernel adds to it next: moy_kernel and moy_net
#   cross onto this board natively (docs/kernel_survival_2026-10.md 6.5). 3 MiB
#   leaves about the floor again on top of the floor, which is that pass's room;
#   the build prints the current figure on every run.
#
#   The price is the store, and it is the store that sets the ceiling: this
#   board is a CART STORE, and the seed roster alone is 763KB / 36 folders /
#   132 files (measured on glass 2026-08-25) before a kid has made anything.
#   3 MiB slots keep 1.875 MiB of vfs; 3.25 MiB slots would keep 1.375 MiB,
#   under twice the roster.
#
# WHAT WOULD FALSIFY IT: the app image crossing ~2.9 MB. The build says so on
# every run (the #168 guard reads THIS FILE's ota_0 size and prints the
# headroom, and fails the build on an overflow), so the tell arrives before the
# image does. Changing these offsets costs every deployed board a full-erase
# cable flash and its store (tools/board_flash.py erases the moved store's
# first blocks), so the time to argue with the numbers is before the next one.
#
# Name,   Type, SubType, Offset,   Size,     Flags
nvs,      data, nvs,     0x9000,   0x14000,
otadata,  data, ota,     0x1D000,  0x2000,
phy_init, data, phy,     0x1F000,  0x1000,
ota_0,    app,  ota_0,   0x20000,  0x300000,
ota_1,    app,  ota_1,   0x320000, 0x300000,
vfs,      data, fat,     0x620000, 0x1E0000,
